Date,Open,High,Low,Close,Volume
2025-09-19,1544.6,1551.3,1520.1,1540.2,12988129
2025-09-22,1482.7,1514.7,1482,1499.5,15655204
2025-09-23,1493,1513,1493,1497.5,9832164
2025-09-24,1487.2,1496.7,1482.7,1494.6,4937004
2025-09-25,1489,1502.7,1476.5,1484.8,9491867
2025-09-26,1475,1478.7,1441.2,1448.9,8597058
2025-09-29,1460,1465,1436.5,1441.8,10513117
2025-09-30,1443,1452.2,1438.1,1441.8,7556305
2025-10-01,1446,1449.5,1427.4,1445.8,6250692
2025-10-03,1439,1448.3,1433.2,1446.6,6877533
2025-10-06,1446.6,1478.8,1442.3,1476,4630590
2025-10-07,1477.7,1482.9,1454,1458.5,5570320
2025-10-08,1457,1498,1455,1495,4657192
2025-10-09,1502,1514,1487,1509.3,7028753
2025-10-10,1510,1521.7,1498.8,1514.9,3738353
2025-10-13,1497,1504.7,1483.4,1493.2,5859355
2025-10-14,1499,1514.4,1486.5,1489.9,5600789
2025-10-15,1483.9,1488.6,1467.5,1474.4,6986098
2025-10-16,1473.9,1474.5,1460.5,1471.5,8005748
2025-10-17,1454.9,1458.4,1434,1441.1,16959378
2025-10-20,1453.7,1467,1450,1460.9,6994246
2025-10-21,1478,1486,1470,1472.4,1698704
2025-10-23,1510,1546,1506,1528.5,20358624
2025-10-24,1539.5,1543,1518,1525.4,8652257
2025-10-27,1510,1515.3,1498.1,1504.5,7273211
2025-10-28,1499.7,1506.5,1490.5,1500.2,8211019
2025-10-29,1500.2,1520.2,1496.9,1510.4,4884976
2025-10-30,1507,1508.2,1489.1,1493.8,5608867
2025-10-31,1490,1497.1,1480.7,1482.3,4819814
2025-11-03,1482.3,1491.4,1474.2,1485.5,5470600
2025-11-04,1479.7,1481.9,1462.9,1467.9,8691330
2025-11-06,1478.6,1483,1461.9,1466.7,7944752
2025-11-07,1470,1480.9,1449.1,1476.8,8765759
2025-11-10,1490.1,1520,1490,1513.5,9787975
2025-11-11,1525,1533.4,1511.1,1530.3,13692989
2025-11-12,1540,1559.2,1538.1,1551.7,14635417
2025-11-13,1557.1,1557.5,1530.3,1541.8,19655689
2025-11-14,1520,1530,1488.8,1502.8,9739549
2025-11-17,1496,1510.2,1492.5,1507.6,7910354
2025-11-18,1506,1506,1483.2,1486.4,7525119
2025-11-19,1490.5,1543,1490.5,1541.1,10981126
2025-11-20,1555,1555,1534,1536.5,7387584
2025-11-21,1531,1551.5,1526.3,1545,9186302
2025-11-24,1563.6,1585,1541,1548,19270381
2025-11-25,1549,1550.6,1525.9,1530.6,8107952
2025-11-26,1532.1,1560.3,1532.1,1557.9,7575038
2025-11-27,1564,1574.3,1552.2,1566.4,7552252
2025-11-28,1565,1568.4,1557,1560.1,4453221
2025-12-01,1562.5,1574,1556,1564,5341800
2025-12-02,1567,1579.9,1556.1,1561,6335969
2025-12-03,1555.1,1586,1554.1,1578.7,12895312
2025-12-04,1568,1599,1568,1597.6,12609619
2025-12-05,1610,1631.8,1600,1616.2,10344725
2025-12-08,1617.1,1630,1600.2,1610.8,7550413
2025-12-09,1601.2,1606.9,1582.4,1599,6957599
2025-12-10,1608,1608,1582.8,1584.8,5116140
2025-12-11,1598,1607.4,1580.5,1598,5159319
2025-12-12,1601.4,1601.8,1582.6,1598.2,4633912
2025-12-15,1585,1610.8,1585,1606.8,4190558
2025-12-16,1600,1603,1585.6,1592.9,5499258
2025-12-17,1587.2,1606.9,1586,1602,4817628
2025-12-18,1610.5,1630,1606.7,1626.8,6577293
2025-12-19,1650,1654.9,1629.8,1638.7,13149023
2025-12-22,1664,1693.2,1664,1689.6,23098923
2025-12-23,1679,1679,1656.4,1668.3,6593060
2025-12-24,1661,1667.6,1652.5,1663.4,4271167
2025-12-26,1663.4,1668.8,1651.7,1656.1,2006491
2025-12-29,1658,1673.1,1637.1,1644.7,4062817
2025-12-30,1647,1647.9,1616.8,1621.6,9395937
2025-12-31,1621,1628.6,1609.2,1615.4,6538656
2026-01-01,1615.4,1639.6,1614.1,1629.8,3658165
2026-01-02,1635.9,1643.5,1627.5,1640.4,2524526
2026-01-05,1637,1637,1583.1,1606.4,5917885
2026-01-06,1600.1,1619.9,1599,1612.2,4466729
2026-01-07,1615,1642,1615,1639,4508079
2026-01-08,1638.9,1644.3,1608.6,1613.3,3942131
2026-01-09,1610,1631.3,1607,1614.1,6816681
2026-01-12,1610.1,1613.3,1592.6,1595.9,6985362
2026-01-13,1618,1618,1586.4,1599,8080618
2026-01-14,1588,1617,1583.1,1599.8,7557157
2026-01-16,1663.7,1694,1653.4,1689.8,19335957
2026-01-19,1685,1685,1666.5,1681.2,5104958
2026-01-20,1673,1680.2,1652.9,1658.9,6406503
2026-01-21,1651,1657,1631.2,1654.4,6224582
2026-01-22,1666,1671.2,1653.8,1663.5,6228892
2026-01-23,1667.2,1675.7,1662.2,1670.8,5869137
2026-01-27,1685.8,1689.4,1661.1,1682.7,10673087
2026-01-28,1680,1688.8,1650,1666.5,8588664
2026-01-29,1658,1666.5,1642.1,1659.5,4749582
2026-01-30,1655,1655,1618.1,1641,9207926
2026-02-01,1630,1677.3,1604,1654.5,6241188
2026-02-02,1662,1662,1618,1629.4,6784887
2026-02-03,1727.2,1728,1653,1656,8805868
2026-02-04,1574,1584.9,1510.1,1535.8,28828622
2026-02-05,1534,1551,1515.7,1520.2,10628127
2026-02-06,1522.1,1525,1480,1507.1,13900866
2026-02-09,1522.1,1528,1493,1497.2,8294615
2026-02-10,1500,1515.9,1491,1497.8,8657000
2026-02-11,1501.2,1505.9,1469,1471.9,7934411
2026-02-12,1428.9,1435.7,1380.5,1386,26048896
2026-02-13,1293.9,1377.3,1281.5,1369.1,45785709
2026-02-16,1373.7,1376,1338.3,1365.6,14621891
2026-02-17,1370,1431,1367,1391.2,25347684
2026-02-18,1390.9,1401,1345.3,1373.7,20241373
2026-02-19,1385,1402,1363.2,1370.5,14574228
2026-02-20,1359.2,1365,1338.2,1353.2,12633552
2026-02-23,1352,1352,1318,1327.5,12887826
2026-02-24,1301,1303.6,1264.1,1275.5,27839061
2026-02-25,1286.2,1323.6,1286.2,1290.1,16669618
2026-02-26,1305.5,1314,1286.3,1289.1,11493914
2026-02-27,1326.3,1335,1294.2,1300.1,23141724
2026-03-02,1291,1298.8,1273,1288.9,9700361
2026-03-04,1292,1317,1292,1307.4,15154950
2026-03-05,1320,1320,1290.1,1305.8,10362147
2026-03-06,1303,1327.2,1303,1308.4,8724291
2026-03-09,1290,1318,1282.5,1315,10068514
2026-03-10,1320,1321,1284.1,1295.6,9600171
2026-03-11,1288,1299.5,1271.3,1276.3,7868891
2026-03-12,1272.5,1278.6,1258,1265.8,7599940
2026-03-13,1251,1269.6,1242.6,1248.3,7366098
2026-03-16,1240.2,1254.3,1224.2,1249.8,12314450
2026-03-17,1245,1245,1215.1,1232.9,11223276
2026-03-18,1238,1290.8,1234.9,1267.1,12365381
2026-03-19,1244.2,1255,1215.1,1220.8,9156461
2026-03-20,1242,1264.8,1229.2,1255.9,27299975
2026-03-23,1238.2,1261.1,1227.4,1256.8,12420293
2026-03-24,1269,1297,1251,1278.3,13613495
2026-03-25,1270,1290.6,1257.1,1279.1,10824030
2026-03-27,1285.2,1294.8,1263.2,1269.7,13092541
2026-03-30,1250,1265.5,1243,1250.6,14108486
2026-04-01,1290,1303,1269.5,1275.7,8137156
2026-04-02,1260,1305.4,1259.8,1300.8,12873492
2026-04-06,1301.4,1320,1299,1306.2,10208682
2026-04-07,1302,1345.1,1293.5,1339.4,15355792
2026-04-08,1349,1376.9,1331,1346.2,16030133
2026-04-09,1329.9,1337.5,1314,1331.6,14894607
2026-04-10,1318,1318.9,1283.3,1292.5,19233369
2026-04-13,1272,1289,1265.7,1276.8,10366082
2026-04-15,1306.3,1322.5,1300.5,1305.3,12098912
2026-04-16,1322.1,1331,1309,1319.2,18527029
2026-04-17,1313,1328.3,1306.1,1318.7,12064048
2026-04-20,1320,1324.9,1308.1,1312.6,7172300
2026-04-21,1310,1325,1299.3,1313.2,10057440
2026-04-22,1295,1297.7,1255.9,1268.6,20088378
2026-04-23,1254,1265.7,1226,1240.6,14792854
2026-04-24,1200,1223.9,1152.2,1154.6,42078914
2026-04-27,1154.6,1179.9,1154.5,1170.3,19579883
2026-04-28,1162.7,1169.4,1149.8,1152.1,12720276
2026-04-29,1158.5,1178.2,1156.8,1167.5,8303109
2026-04-30,1167.5,1189.8,1159.6,1181.8,12205669
2026-05-04,1195,1195,1165.2,1168.4,7735811
2026-05-05,1169.5,1185.2,1160.1,1178.1,8164108
2026-05-06,1187,1191.5,1164.1,1167.2,9856963
2026-05-07,1173,1175.4,1159.2,1162.7,12013987
2026-05-08,1161,1183.5,1158.8,1179.2,7582770
2026-05-11,1176,1187,1172.1,1177,7336288
2026-05-12,1162,1162,1123,1140.3,16891948
2026-05-13,1136.6,1142.6,1121,1123.1,6664111
2026-05-14,1119.8,1121.9,1089,1095,16914842
2026-05-15,1102,1133.2,1101.6,1119,17482450
2026-05-18,1119,1146.1,1118,1142.5,12096377
2026-05-19,1162,1198.4,1162,1196.9,32175705
2026-05-20,1187,1206.9,1184.9,1193.7,15121010
2026-05-21,1196.1,1201.8,1177,1181.2,10021033
2026-05-22,1182.5,1191.8,1172.5,1174.5,8803066
2026-05-25,1183,1185,1166.1,1168.5,5856136
2026-05-26,1166.3,1180.7,1162.9,1167.7,8005767
2026-05-27,1161,1167.3,1155,1159.9,6371871
2026-05-29,1182,1210,1153.6,1160.9,69085430
2026-06-01,1175,1217,1173.7,1202.5,19439331
2026-06-02,1232.5,1278.9,1232.5,1270.8,36032600
2026-06-03,1242.1,1249.9,1216,1222.6,18534303
2026-06-04,1208,1215.2,1196.2,1201.3,12755957
2026-06-05,1220,1223.8,1194.3,1197.5,8692290
2026-06-08,1177.5,1200.7,1176.5,1187.6,8631711
2026-06-09,1193.6,1193.6,1167.3,1180.3,10984054
2026-06-10,1160.1,1171.4,1143.3,1145.3,8887626
2026-06-11,1129.7,1133.7,1109,1114.6,9372176
2026-06-12,1120,1123.3,1111.5,1116.4,8075333
2026-06-15,1130,1151,1123,1134.9,7856192
2026-06-16,1136.9,1153.8,1123.2,1143.6,10456090
2026-06-17,1149,1162.5,1148,1157.7,5995119
2026-06-18,1142.9,1142.9,1125.3,1127.5,16781447
2026-06-19,1062.3,1066,1030,1051.4,45665442
2026-06-22,1055,1080.3,1055,1065.4,10178505
2026-06-23,1053.8,1055.3,1026,1029.3,19323064
2026-06-24,1040.9,1065.5,1037.7,1056.6,12346266
2026-06-25,1065,1068,1039.1,1041.2,15866779
2026-06-29,1037.1,1046.6,1029.1,1036.7,15080892
2026-06-30,1030,1030.4,996,1000.4,24128263
2026-07-01,1006,1014,982.4,985.3,13037982
2026-07-02,1006.4,1045,1006,1040.9,18741111
2026-07-03,1063,1068.7,1042,1047.2,11653534
2026-07-06,1050.1,1053,1033,1042.2,5559747
2026-07-07,1040.6,1087.5,1040.6,1071.8,18866296
2026-07-08,1071.9,1079.7,1064.4,1069.3,13022221
2026-07-09,1062.7,1062.7,1040.4,1050.8,9003333
2026-07-10,1075,1091.3,1064.7,1068,9747266
2026-07-13,1057.1,1114.9,1057.1,1102.6,20994760
2026-07-14,1107.8,1113.5,1090,1092.9,14819413
2026-07-15,1079,1088.1,1073,1076.3,8501933
2026-07-16,1082.5,1097.3,1077.9,1082.4,8592146
2026-07-17,1105,1116.8,1092,1096.5,12547728
2026-07-20,1102,1103.8,1083.2,1087.1,6372645
2026-07-21,1080,1094.5,1067.2,1073.5,9485229
2026-07-22,1064,1069.3,1046.2,1052.1,7517203
2026-07-23,1046.9,1058.5,1032,1047.4,13794578
2026-07-24,1028,1043.4,1013.9,1040.9,29036900
2026-07-27,1065,1082,1057.4,1079.2,15956349
2026-07-28,1097,1118.5,1097,1105.7,28100895
2026-07-29,1147,1164.5,1128.4,1155.6,34400369
2026-07-30,1168,1187.7,1151.3,1155.1,22630218
2026-07-31,1118.9,1139.3,1107.2,1130.1,14367075
2026-08-03,1145.1,1180,1138.1,1180,8582270
2026-08-04,1168,1175.7,1153.3,1167.5,9243589
2026-08-05,1174.7,1177.5,1162.3,1174,9964155
2026-08-06,1174.1,1185.8,1163,1165,8521064
2026-08-07,1160,1183,1155.6,1175.1,7581410
2026-08-10,1178.1,1195,1175.2,1183,9377001
2026-08-11,1188,1193.5,1182,1190.7,10160091
2026-08-12,1185.6,1190.4,1163.3,1176.1,7529777
2026-08-13,1170,1175,1157,1175,6234215
2026-08-14,1170.4,1174.1,1158.9,1169.2,5844763
2026-08-17,1163.9,1166.5,1129.7,1139.9,5817153
2026-08-18,1124.5,1131.9,1112.5,1115,8851110
2026-08-19,1125.6,1134.7,1113.8,1119.8,8408573
2026-08-20,1143,1144.7,1125.7,1130,8559841
2026-08-21,1133,1133.5,1118,1121,6094967
2026-08-24,1126.5,1144.5,1122,1130,8565354
2026-08-25,1132,1144,1119.9,1144,8121237
2026-08-26,1142,1142,1118.3,1120,6323984
2026-08-27,1120,1130.7,1107.2,1110.8,6933998
2026-08-28,1123.6,1145,1123.3,1144,9621969
2026-08-31,1138.6,1143.9,1111.1,1133.8,8808120
2026-09-01,1128,1156,1125.6,1156,13516123
2026-09-02,1137.7,1147.8,1118.6,1140,8564358
2026-09-03,1144,1144,1122.5,1130.3,5786250
2026-09-04,1133,1146.7,1125.4,1130,5881388
2026-09-07,1109.5,1109.9,1085,1087.5,7668346
2026-09-08,1095,1095,1078.9,1082,6269037
2026-09-09,1059,1059,1026.5,1035,13530457
2026-09-10,1039.6,1046.6,1027.3,1036.5,8998529
2026-09-11,1032,1047.3,1029.7,1037.7,6168088
2026-09-15,1085,1097.7,1071.7,1077,14816117
2026-09-16,1082.5,1085.1,1053.5,1060,6230590
2026-09-17,1054.9,1063.6,1048.6,1058.6,5469865
2026-09-18,1061.9,1061.9,1038,1051.4,22124953
